{
	"class_name" : "PinholeCameraParameters",
	"extrinsic" : 
	[
		0.31483381202288974,
		-0.21494620786193511,
		0.92448785742859252,
		0.0,
		-0.94839795027687734,
		-0.10992580548084738,
		0.29741830004222131,
		0.0,
		0.037696136642282135,
		-0.97041972620879924,
		-0.23846290333526868,
		0.0,
		-9.2632744171416661,
		6.1082088901535805,
		8.7114268193212698,
		1.0
	],
	"intrinsic" : 
	{
		"height" : 1080,
		"intrinsic_matrix" : 
		[
			935.30743608719376,
			0.0,
			0.0,
			0.0,
			935.30743608719376,
			0.0,
			959.5,
			539.5,
			1.0
		],
		"width" : 1920
	},
	"version_major" : 1,
	"version_minor" : 0
}