{
	"class_name" : "PinholeCameraParameters",
	"extrinsic" : 
	[
		0.30493868009454167,
		-0.29784279031703997,
		0.90460050499563549,
		0.0,
		-0.95205238333162845,
		-0.070728424005908341,
		0.29764702153760353,
		0.0,
		-0.024671051351025819,
		-0.95199115662583778,
		-0.3051297706410091,
		0.0,
		-12.086771502389961,
		12.137403838548801,
		9.4154762641003682,
		1.0
	],
	"intrinsic" : 
	{
		"height" : 1080,
		"intrinsic_matrix" : 
		[
			935.30743608719376,
			0.0,
			0.0,
			0.0,
			935.30743608719376,
			0.0,
			959.5,
			539.5,
			1.0
		],
		"width" : 1920
	},
	"version_major" : 1,
	"version_minor" : 0
}